<?xml version="1.0" encoding="UTF-8"?>
<services-config>

    <services>
        <service-include file-path="remoting-config.xml" />
        <service-include file-path="data-management-config.xml" />
    </services>

    <channels>
        <channel-definition id="my-amf" class="mx.messaging.channels.AMFChannel">
            <endpoint uri="weborb.aspx" class="flex.messaging.endpoints.AMFEndpoint"/>
            <properties>
                <polling-enabled>false</polling-enabled>
            </properties>
        </channel-definition>
        
        <channel-definition id="amf-sessionactivation" class="mx.messaging.channels.AMFChannel">
            <endpoint uri="weborb.aspx?activate=session" class="flex.messaging.endpoints.AMFEndpoint"/>
            <properties>
                <polling-enabled>false</polling-enabled>
            </properties>
        </channel-definition>

        <channel-definition id="amf-singletonactivation" class="mx.messaging.channels.AMFChannel">
            <endpoint uri="weborb.aspx?activate=application" class="flex.messaging.endpoints.AMFEndpoint"/>
            <properties>
                <polling-enabled>false</polling-enabled>
            </properties>
        </channel-definition>

        <channel-definition id="my-secure-amf" class="mx.messaging.channels.SecureAMFChannel">
            <endpoint uri="weborb.aspx" class="flex.messaging.endpoints.SecureAMFEndpoint"/>
        </channel-definition>
        
        <channel-definition id="air-http" class="mx.messaging.channels.AMFChannel">
            <endpoint uri="http://localhost:80/weborb30/weborb.aspx" class="flex.messaging.endpoints.AMFEndpoint"/>
              <properties>
                 <polling-enabled>false</polling-enabled>
              </properties>
        </channel-definition>
    </channels>        
</services-config>
